x_col,y_col
0.5,49.48205092013316
1,50.81554176170533
2,54.08925329487834
3,58.1149933097568
4,50.19097045853472
5,39.09859407345852
6,48.44965533750134
7,50.96412457675786
8,50.22436966564502
9,45.473316670022314
10,47.69908285429543
11,46.032551862064636